id,first_name,last_name,email
1,John,Doe,john.doe@example.com
2,Jane,Smith,jane.smith@example.com
3,Michael,Johnson,michael.johnson@example.com
4,Emily,Williams,emily.williams@example.com
5,David,Brown,david.brown@example.com
6,Emma,Jones,emma.jones@example.com
7,James,Garcia,james.garcia@example.com
8,Olivia,Miller,olivia.miller@example.com
9,Daniel,Davis,daniel.davis@example.com
10,Ava,Martinez,ava.martinez@example.com
11,Matthew,Hernandez,matthew.hernandez@example.com
12,Sophia,Lopez,sophia.lopez@example.com
13,Joseph,Gonzalez,joseph.gonzalez@example.com
14,Isabella,Wilson,isabella.wilson@example.com
15,Christopher,Anderson,christopher.anderson@example.com
16,Mia,Thomas,mia.thomas@example.com
17,Anthony,Taylor,anthony.taylor@example.com
18,Amelia,Moore,amelia.moore@example.com
19,Joshua,Jackson,joshua.jackson@example.com
20,Charlotte,Martin,charlotte.martin@example.com
21,Andrew,Lee,andrew.lee@example.com
22,Harper,Perez,harper.perez@example.com
23,Alexander,Thompson,alexander.thompson@example.com
24,Evelyn,White,evelyn.white@example.com
25,Ryan,Harris,ryan.harris@example.com
26,Abigail,Sanchez,abigail.sanchez@example.com
27,Brandon,Clark,brandon.clark@example.com
28,Scarlett,Ramirez,scarlett.ramirez@example.com
29,Tyler,Lewis,tyler.lewis@example.com
30,Grace,Robinson,grace.robinson@example.com
31,Kevin,Walker,kevin.walker@example.com
32,Chloe,Young,chloe.young@example.com
33,Jason,Allen,jason.allen@example.com
34,Aria,King,aria.king@example.com
35,Eric,Wright,eric.wright@example.com
36,Ellie,Scott,ellie.scott@example.com
37,Justin,Torres,justin.torres@example.com
38,Zoey,Nguyen,zoey.nguyen@example.com
39,Adam,Hill,adam.hill@example.com
40,Lily,Flores,lily.flores@example.com
